,Symbol,Year,Highest,Lowest,Open,Close
0,AAPL,2013,20.540714263916016,13.753570556640625,19.779285430908203,20.036428451538086
1,AAPL,2014,29.9375,17.626785278320312,19.845714569091797,27.594999313354492
2,AAPL,2015,33.6349983215332,23.0,27.84749984741211,26.315000534057617
3,AAPL,2016,29.672500610351562,22.36750030517578,25.65250015258789,28.954999923706055
4,AAPL,2017,44.29999923706055,28.690000534057617,28.950000762939453,42.307498931884766
5,AAPL,2018,58.36750030517578,36.647499084472656,42.540000915527344,39.435001373291016
6,AAPL,2019,73.49250030517578,35.5,38.72249984741211,73.4124984741211
7,AAPL,2020,138.7899932861328,53.15250015258789,74.05999755859375,132.69000244140625
8,AAPL,2021,182.1300048828125,116.20999908447266,133.52000427246094,177.57000732421875
9,AAPL,2022,182.94000244140625,125.87000274658203,177.8300018310547,129.92999267578125
10,MSFT,2013,38.97999954223633,26.280000686645508,27.25,37.40999984741211
11,MSFT,2014,50.04999923706055,34.630001068115234,37.349998474121094,46.45000076293945
12,MSFT,2015,56.849998474121094,39.720001220703125,46.65999984741211,55.47999954223633
13,MSFT,2016,64.0999984741211,48.040000915527344,54.31999969482422,62.13999938964844
14,MSFT,2017,87.5,61.95000076293945,62.790000915527344,85.54000091552734
15,MSFT,2018,116.18000030517578,83.83000183105469,86.12999725341797,101.56999969482422
16,MSFT,2019,159.5500030517578,97.19999694824219,99.55000305175781,157.6999969482422
17,MSFT,2020,232.86000061035156,132.52000427246094,158.77999877929688,222.4199981689453
18,MSFT,2021,349.6700134277344,211.94000244140625,222.52999877929688,336.32000732421875
19,MSFT,2022,338.0,213.42999267578125,335.3500061035156,239.82000732421875
20,AMZN,2013,20.2814998626709,12.287500381469727,12.803999900817871,19.93950080871582
21,AMZN,2014,20.402999877929688,14.199999809265137,19.940000534057617,15.517499923706055
22,AMZN,2015,34.821998596191406,14.262499809265137,15.628999710083008,33.794498443603516
23,AMZN,2016,42.36050033569336,23.700000762939453,32.81449890136719,37.493499755859375
24,AMZN,2017,60.670501708984375,37.3849983215332,37.895999908447266,58.4734992980957
25,AMZN,2018,102.5250015258789,58.5255012512207,58.599998474121094,75.09850311279297
26,AMZN,2019,101.79000091552734,73.04650115966797,73.26000213623047,92.39199829101562
27,AMZN,2020,177.6125030517578,81.30149841308594,93.75,162.84649658203125
28,AMZN,2021,188.6540069580078,144.0500030517578,163.5,166.7169952392578
29,AMZN,2022,171.39999389648438,81.69000244140625,167.5500030517578,84.0
30,NVDA,2013,4.079999923706055,2.9774999618530273,3.140000104904175,4.005000114440918
31,NVDA,2014,5.3125,3.8299999237060547,3.9800000190734863,5.012499809265137
32,NVDA,2015,8.484999656677246,4.735000133514404,5.03249979019165,8.239999771118164
33,NVDA,2016,29.982500076293945,6.1875,8.072500228881836,26.684999465942383
34,NVDA,2017,54.66749954223633,23.792499542236328,26.100000381469727,48.375
35,NVDA,2018,73.19000244140625,31.114999771118164,48.94499969482422,33.375
36,NVDA,2019,60.45249938964844,31.922500610351562,32.65999984741211,58.82500076293945
37,NVDA,2020,147.2675018310547,45.16999816894531,59.6875,130.5500030517578
38,NVDA,2021,346.4700012207031,115.66500091552734,131.04249572753906,294.1099853515625
39,NVDA,2022,307.1099853515625,108.12999725341797,298.1499938964844,146.13999938964844
40,GOOGL,2013,28.05305290222168,17.405405044555664,18.003503799438477,28.045795440673828
41,GOOGL,2014,30.75275230407715,24.859500885009766,27.914413452148438,26.533000946044922
42,GOOGL,2015,39.93450164794922,24.545499801635742,26.6299991607666,38.9005012512207
43,GOOGL,2016,41.95000076293945,33.632999420166016,38.11000061035156,39.622501373291016
44,GOOGL,2017,54.324501037597656,39.84450149536133,40.03099822998047,52.66999816894531
45,GOOGL,2018,64.5719985961914,48.882999420166016,52.6510009765625,52.24800109863281
46,GOOGL,2019,68.35250091552734,51.118499755859375,51.36000061035156,66.96949768066406
47,GOOGL,2020,92.19149780273438,50.44350051879883,67.42050170898438,87.63200378417969
48,GOOGL,2021,150.9665069580078,84.80500030517578,88.0,144.8520050048828
49,GOOGL,2022,151.54649353027344,83.33999633789062,145.05499267578125,88.2300033569336
50,GOOG,2013,27.920347213745117,17.323068618774414,17.918338775634766,27.913124084472656
51,GOOG,2014,30.607276916503906,24.383056640625,27.782365798950195,26.247936248779297
52,GOOG,2015,38.999000549316406,24.31125259399414,26.37807846069336,37.944000244140625
53,GOOG,2016,40.83399963378906,33.15299987792969,37.150001525878906,38.590999603271484
54,GOOG,2017,53.92449951171875,38.790000915527344,38.94049835205078,52.31999969482422
55,GOOG,2018,63.69449996948242,48.50550079345703,52.41699981689453,51.78049850463867
56,GOOG,2019,68.25,50.70349884033203,50.82849884033203,66.85099792480469
57,GOOG,2020,92.36000061035156,50.67679977416992,67.07749938964844,87.59400177001953
58,GOOG,2021,151.85000610351562,84.94999694824219,87.87699890136719,144.67950439453125
59,GOOG,2022,152.10000610351562,83.44999694824219,144.47549438476562,88.7300033569336
60,XOM,2013,101.73999786376953,84.79000091552734,87.79000091552734,101.19999694824219
61,XOM,2014,104.76000213623047,86.19000244140625,100.5999984741211,92.44999694824219
62,XOM,2015,93.44999694824219,66.55000305175781,92.25,77.94999694824219
63,XOM,2016,95.55000305175781,71.55000305175781,77.5,90.26000213623047
64,XOM,2017,91.33999633789062,76.05000305175781,90.94000244140625,83.63999938964844
65,XOM,2018,89.30000305175781,64.6500015258789,83.81999969482422,68.19000244140625
66,XOM,2019,83.48999786376953,66.30999755859375,67.3499984741211,69.77999877929688
67,XOM,2020,71.37000274658203,30.110000610351562,70.23999786376953,41.220001220703125
68,XOM,2021,66.37999725341797,41.0,41.45000076293945,61.189998626708984
69,XOM,2022,114.66000366210938,61.209999084472656,61.2400016784668,110.30000305175781
70,META,2013,58.58000183105469,22.670000076293945,27.440000534057617,54.650001525878906
71,META,2014,82.16999816894531,51.849998474121094,54.83000183105469,78.0199966430664
72,META,2015,110.6500015258789,72.0,78.58000183105469,104.66000366210938
73,META,2016,133.5,89.37000274658203,101.94999694824219,115.05000305175781
74,META,2017,184.25,115.51000213623047,116.02999877929688,176.4600067138672
75,META,2018,218.6199951171875,123.0199966430664,177.67999267578125,131.08999633789062
76,META,2019,208.92999267578125,128.55999755859375,128.99000549316406,205.25
77,META,2020,304.6700134277344,137.10000610351562,206.75,273.1600036621094
78,META,2021,384.3299865722656,244.61000061035156,274.7799987792969,336.3500061035156
79,META,2022,343.0899963378906,88.08999633789062,338.29998779296875,120.33999633789062
80,UNH,2013,75.87999725341797,51.36000061035156,54.880001068115234,75.30000305175781
81,UNH,2014,104.0,69.56999969482422,74.91000366210938,101.08999633789062
82,UNH,2015,126.20999908447266,95.0,101.5,117.63999938964844
83,UNH,2016,164.0,107.51000213623047,116.91000366210938,160.0399932861328
84,UNH,2017,231.77000427246094,156.08999633789062,161.1300048828125,220.4600067138672
85,UNH,2018,287.94000244140625,208.47999572753906,221.02000427246094,249.1199951171875
86,UNH,2019,300.0,208.07000732421875,245.0,293.9800109863281
87,UNH,2020,367.95001220703125,187.72000122070312,293.9800109863281,350.67999267578125
88,UNH,2021,509.2300109863281,320.3500061035156,351.45001220703125,502.1400146484375
89,UNH,2022,558.0999755859375,445.739990234375,500.0,530.1799926757812
90,TSLA,2013,12.966667175292969,2.140666961669922,2.3333330154418945,10.028667449951172
91,TSLA,2014,19.42799949645996,9.111332893371582,9.986666679382324,14.827333450317383
92,TSLA,2015,19.110000610351562,12.09333324432373,14.857999801635742,16.000667572021484
93,TSLA,2016,17.95599937438965,9.403332710266113,15.381333351135254,14.246000289916992
94,TSLA,2017,25.974000930786133,14.064000129699707,14.324000358581543,20.75666618347168
95,TSLA,2018,25.83066749572754,16.305999755859375,20.799999237060547,22.18666648864746
96,TSLA,2019,29.020666122436523,11.799332618713379,20.406667709350586,27.8886661529541
97,TSLA,2020,239.57333374023438,23.367332458496094,28.299999237060547,235.22332763671875
98,TSLA,2021,414.4966735839844,179.8300018310547,239.82000732421875,352.260009765625
99,TSLA,2022,402.6666564941406,108.23999786376953,382.5833435058594,123.18000030517578
100,JNJ,2013,95.98999786376953,70.30000305175781,71.0199966430664,91.58999633789062
101,JNJ,2014,109.48999786376953,86.08999633789062,91.13999938964844,104.56999969482422
102,JNJ,2015,106.5,81.79000091552734,105.05000305175781,102.72000122070312
103,JNJ,2016,126.06999969482422,94.27999877929688,101.70999908447266,115.20999908447266
104,JNJ,2017,144.35000610351562,110.76000213623047,115.77999877929688,139.72000122070312
105,JNJ,2018,148.99000549316406,118.62000274658203,139.66000366210938,129.0500030517578
106,JNJ,2019,147.83999633789062,125.0,128.1300048828125,145.8699951171875
107,JNJ,2020,157.66000366210938,109.16000366210938,145.8699951171875,157.3800048828125
108,JNJ,2021,179.9199981689453,151.47000122070312,157.24000549316406,171.07000732421875
109,JNJ,2022,186.69000244140625,155.72000122070312,170.2100067138672,176.64999389648438
110,JPM,2013,58.54999923706055,44.20000076293945,44.97999954223633,58.47999954223633
111,JPM,2014,63.4900016784668,52.970001220703125,58.310001373291016,62.58000183105469
112,JPM,2015,70.61000061035156,50.06999969482422,62.18000030517578,66.02999877929688
113,JPM,2016,87.38999938964844,52.5,63.95000076293945,86.29000091552734
114,JPM,2017,108.45999908447266,81.63999938964844,87.33999633789062,106.94000244140625
115,JPM,2018,119.33000183105469,91.11000061035156,107.62999725341797,97.62000274658203
116,JPM,2019,140.0800018310547,95.94000244140625,95.94999694824219,139.39999389648438
117,JPM,2020,141.10000610351562,76.91000366210938,139.7899932861328,127.06999969482422
118,JPM,2021,172.9600067138672,123.7699966430664,127.5,158.35000610351562
119,JPM,2022,169.80999755859375,101.27999877929688,159.86000061035156,134.10000610351562
120,V,2013,55.68000030517578,38.48249816894531,38.540000915527344,55.66999816894531
121,V,2014,67.33000183105469,48.709999084472656,55.3849983215332,65.55000305175781
122,V,2015,81.01000213623047,60.0,65.84500122070312,77.55000305175781
123,V,2016,83.95999908447266,66.12000274658203,76.05999755859375,78.0199966430664
124,V,2017,114.91999816894531,78.48999786376953,78.76000213623047,114.0199966430664
125,V,2018,151.55999755859375,111.0199966430664,114.56999969482422,131.94000244140625
126,V,2019,189.88999938964844,127.87999725341797,130.0,187.89999389648438
127,V,2020,220.38999938964844,133.92999267578125,189.0,218.72999572753906
128,V,2021,252.6699981689453,190.10000610351562,220.25,216.7100067138672
129,V,2022,235.85000610351562,174.60000610351562,217.52000427246094,207.75999450683594
130,PG,2013,85.81999969482422,68.3499984741211,68.6500015258789,81.41000366210938
131,PG,2014,93.88999938964844,75.26000213623047,81.33000183105469,91.08999633789062
132,PG,2015,91.79000091552734,65.0199966430664,90.83999633789062,79.41000366210938
133,PG,2016,90.33000183105469,74.45999908447266,78.36000061035156,84.08000183105469
134,PG,2017,94.66999816894531,83.23999786376953,83.87999725341797,91.87999725341797
135,PG,2018,96.9000015258789,70.7300033569336,91.91999816894531,91.91999816894531
136,PG,2019,126.5999984741211,89.08000183105469,91.02999877929688,124.9000015258789
137,PG,2020,146.9199981689453,94.33999633789062,124.5,139.13999938964844
138,PG,2021,164.97999572753906,121.54000091552734,139.66000366210938,163.5800018310547
139,PG,2022,165.35000610351562,122.18000030517578,161.69000244140625,151.55999755859375
140,MA,2013,83.93800354003906,50.099998474121094,50.630001068115234,83.5459976196289
141,MA,2014,89.87000274658203,68.68000030517578,83.74099731445312,86.16000366210938
142,MA,2015,101.76000213623047,74.61000061035156,86.68000030517578,97.36000061035156
143,MA,2016,108.93000030517578,78.5199966430664,95.37000274658203,103.25
144,MA,2017,154.64999389648438,104.01000213623047,104.41000366210938,151.36000061035156
145,MA,2018,225.35000610351562,151.1199951171875,152.00999450683594,188.64999389648438
146,MA,2019,301.5299987792969,180.97999572753906,185.8300018310547,298.5899963378906
147,MA,2020,367.25,199.99000549316406,300.4599914550781,356.94000244140625
148,MA,2021,401.5,306.0,358.0,359.32000732421875
149,MA,2022,399.9200134277344,276.8699951171875,359.7900085449219,347.7300109863281
150,HD,2013,82.47000122070312,62.380001068115234,63.56999969482422,82.33999633789062
151,HD,2014,106.0199966430664,73.95999908447266,82.11000061035156,104.97000122070312
152,HD,2015,135.47000122070312,92.16999816894531,105.16000366210938,132.25
153,HD,2016,139.0,109.62000274658203,130.11000061035156,134.0800018310547
154,HD,2017,191.49000549316406,133.0500030517578,135.10000610351562,189.52999877929688
155,HD,2018,215.42999267578125,158.08999633789062,190.2100067138672,171.82000732421875
156,HD,2019,239.30999755859375,168.2100067138672,169.7100067138672,218.3800048828125
157,HD,2020,292.95001220703125,140.6300048828125,219.0800018310547,265.6199951171875
158,HD,2021,420.6099853515625,246.58999633789062,266.010009765625,415.010009765625
159,HD,2022,417.8399963378906,264.510009765625,416.57000732421875,315.8599853515625
160,CVX,2013,127.83000183105469,108.73999786376953,110.2699966430664,124.91000366210938
161,CVX,2014,135.10000610351562,100.1500015258789,124.45999908447266,112.18000030517578
162,CVX,2015,113.0,69.58000183105469,111.62999725341797,89.95999908447266
163,CVX,2016,119.0,75.33000183105469,89.52999877929688,117.69999694824219
164,CVX,2017,126.19999694824219,102.55000305175781,118.37999725341797,125.19000244140625
165,CVX,2018,133.8800048828125,100.22000122070312,125.70999908447266,108.79000091552734
166,CVX,2019,127.33999633789062,107.0999984741211,107.33999633789062,120.51000213623047
167,CVX,2020,122.72000122070312,51.599998474121094,120.80999755859375,84.44999694824219
168,CVX,2021,119.33999633789062,83.88999938964844,85.1500015258789,117.3499984741211
169,CVX,2022,189.67999267578125,117.29000091552734,117.41999816894531,179.49000549316406
170,LLY,2013,58.400001525878906,47.529998779296875,49.939998626708984,51.0
171,LLY,2014,75.0999984741211,50.52000045776367,50.970001220703125,68.98999786376953
172,LLY,2015,92.8499984741211,68.30999755859375,69.7699966430664,84.26000213623047
173,LLY,2016,85.4000015258789,64.18000030517578,83.4000015258789,73.55000305175781
174,LLY,2017,89.08999633789062,73.54000091552734,73.94000244140625,84.45999908447266
175,LLY,2018,119.83999633789062,73.69000244140625,84.45999908447266,115.72000122070312
176,LLY,2019,137.0,101.36000061035156,114.79000091552734,131.42999267578125
177,LLY,2020,173.89999389648438,117.05999755859375,131.77000427246094,168.83999633789062
178,LLY,2021,283.8999938964844,161.77999877929688,169.02000427246094,276.2200012207031
179,LLY,2022,375.25,231.8699951171875,274.4100036621094,365.8399963378906
180,MRK,2013,48.110687255859375,38.959922790527344,39.9427490234375,47.757633209228516
181,MRK,2014,59.35114669799805,47.04198455810547,47.595420837402344,54.18893051147461
182,MRK,2015,60.70610809326172,43.597328186035156,54.59923553466797,50.40076446533203
183,MRK,2016,62.461830139160156,45.77289962768555,49.627864837646484,56.17366409301758
184,MRK,2017,63.74045944213867,51.17366409301758,56.44084167480469,53.6927490234375
185,MRK,2018,76.51717376708984,50.41030502319336,53.99809265136719,72.9103012084961
186,MRK,2019,88.3969497680664,68.75,71.84160614013672,86.78434753417969
187,MRK,2020,87.91984558105469,62.261451721191406,86.90839385986328,78.05343627929688
188,MRK,2021,91.4000015258789,68.43511199951172,78.24427795410156,76.63999938964844
189,MRK,2022,112.88999938964844,72.87999725341797,76.58000183105469,110.94999694824219
190,ABBV,2013,54.779998779296875,33.33000183105469,34.91999816894531,52.810001373291016
191,ABBV,2014,70.76000213623047,45.5,52.119998931884766,65.44000244140625
192,ABBV,2015,71.5999984741211,45.45000076293945,65.44000244140625,59.2400016784668
193,ABBV,2016,68.12000274658203,50.709999084472656,58.060001373291016,62.619998931884766
194,ABBV,2017,99.0999984741211,59.27000045776367,62.91999816894531,96.70999908447266
195,ABBV,2018,125.86000061035156,77.5,97.13999938964844,92.19000244140625
196,ABBV,2019,92.30000305175781,62.65999984741211,91.23999786376953,88.54000091552734
197,ABBV,2020,109.1500015258789,62.54999923706055,89.08000183105469,107.1500015258789
198,ABBV,2021,136.8300018310547,101.80999755859375,107.18000030517578,135.39999389648438
199,ABBV,2022,175.91000366210938,128.25999450683594,135.41000366210938,161.61000061035156
200,AVGO,2013,54.540000915527344,30.56999969482422,32.43000030517578,52.880001068115234
201,AVGO,2014,105.0,51.88999938964844,52.849998474121094,100.58999633789062
202,AVGO,2015,150.5,95.18000030517578,100.93000030517578,145.14999389648438
203,AVGO,2016,183.99000549316406,114.25,142.07000732421875,176.77000427246094
204,AVGO,2017,285.67999267578125,173.30999755859375,178.2899932861328,256.8999938964844
205,AVGO,2018,274.260009765625,197.4600067138672,259.7699890136719,254.27999877929688
206,AVGO,2019,331.20001220703125,230.3300018310547,248.85000610351562,316.0199890136719
207,AVGO,2020,438.5,155.6699981689453,319.32000732421875,437.8500061035156
208,AVGO,2021,677.760009765625,419.1400146484375,439.3299865722656,665.4099731445312
209,AVGO,2022,672.1900024414062,415.07000732421875,666.3200073242188,559.1300048828125
210,PEP,2013,87.05999755859375,68.63999938964844,69.18000030517578,82.94000244140625
211,PEP,2014,100.69999694824219,77.01000213623047,82.93000030517578,94.55999755859375
212,PEP,2015,103.44000244140625,76.4800033569336,94.93000030517578,99.91999816894531
213,PEP,2016,110.94000244140625,93.25,98.55999755859375,104.62999725341797
214,PEP,2017,120.56999969482422,101.05999755859375,104.94000244140625,119.91999816894531
215,PEP,2018,122.51000213623047,95.94000244140625,119.93000030517578,110.4800033569336
216,PEP,2019,140.4499969482422,106.7300033569336,109.1500015258789,136.6699981689453
217,PEP,2020,148.77000427246094,101.41999816894531,136.8699951171875,148.3000030517578
218,PEP,2021,174.02000427246094,128.32000732421875,147.00999450683594,173.7100067138672
219,PEP,2022,186.83999633789062,153.3699951171875,172.1999969482422,180.66000366210938
220,KO,2013,43.43000030517578,36.52000045776367,36.9900016784668,41.310001373291016
221,KO,2014,45.0,36.88999938964844,41.119998931884766,42.220001220703125
222,KO,2015,43.90999984741211,36.560001373291016,42.2599983215332,42.959999084472656
223,KO,2016,47.130001068115234,39.880001068115234,42.34000015258789,41.459999084472656
224,KO,2017,47.47999954223633,40.220001220703125,41.5,45.880001068115234
225,KO,2018,50.84000015258789,41.45000076293945,45.90999984741211,47.349998474121094
226,KO,2019,55.91999816894531,44.41999816894531,46.939998626708984,55.349998474121094
227,KO,2020,60.130001068115234,36.27000045776367,55.31999969482422,54.84000015258789
228,KO,2021,59.349998474121094,48.11000061035156,54.27000045776367,59.209999084472656
229,KO,2022,67.19999694824219,54.02000045776367,58.81999969482422,63.61000061035156
230,COST,2013,126.12000274658203,98.94999694824219,100.5999984741211,119.0199966430664
231,COST,2014,146.82000732421875,109.5,118.70999908447266,141.75
232,COST,2015,169.72999572753906,117.02999877929688,141.8699951171875,161.5
233,COST,2016,169.58999633789062,138.57000732421875,159.80999755859375,160.11000061035156
234,COST,2017,195.35000610351562,150.0,160.64999389648438,186.1199951171875
235,COST,2018,245.16000366210938,175.7899932861328,187.22999572753906,203.7100067138672
236,COST,2019,307.3399963378906,199.85000610351562,200.5,293.9200134277344
237,COST,2020,393.1499938964844,271.2799987792969,294.05999755859375,376.7799987792969
238,COST,2021,571.489990234375,307.0,377.42999267578125,567.7000122070312
239,COST,2022,612.27001953125,406.510009765625,565.030029296875,456.5
240,TMO,2013,111.44000244140625,64.54000091552734,64.79000091552734,111.3499984741211
241,TMO,2014,129.77000427246094,107.33000183105469,110.69000244140625,125.29000091552734
242,TMO,2015,143.64999389648438,117.0999984741211,126.30000305175781,141.85000610351562
243,TMO,2016,160.67999267578125,119.75,139.4499969482422,141.10000610351562
244,TMO,2017,201.1999969482422,140.0,142.38999938964844,189.8800048828125
245,TMO,2018,253.91000366210938,190.3800048828125,190.8000030517578,223.7899932861328
246,TMO,2019,330.1400146484375,210.07000732421875,219.86000061035156,324.8699951171875
247,TMO,2020,532.5700073242188,250.2100067138672,326.0,465.7799987792969
248,TMO,2021,672.3400268554688,433.5199890136719,469.04998779296875,667.239990234375
249,TMO,2022,664.27001953125,475.7699890136719,662.989990234375,550.6900024414062
250,PFE,2013,30.834915161132812,24.032257080078125,24.22201156616211,29.060720443725586
251,PFE,2014,31.42314910888672,26.100568771362305,28.908918380737305,29.554079055786133
252,PFE,2015,34.5920295715332,27.011384963989258,29.667932510375977,30.62618637084961
253,PFE,2016,35.47438430786133,26.802656173706055,30.218215942382812,30.81593894958496
254,PFE,2017,35.436431884765625,29.3168888092041,31.024667739868164,34.36432647705078
255,PFE,2018,44.08918380737305,31.49905014038086,34.51612854003906,41.41366195678711
256,PFE,2019,42.27703857421875,32.2296028137207,40.91081619262695,37.17267608642578
257,PFE,2020,43.08000183105469,26.45161247253418,37.286529541015625,36.810001373291016
258,PFE,2021,61.709999084472656,33.36000061035156,36.869998931884766,59.04999923706055
259,PFE,2022,58.54999923706055,41.45000076293945,58.5,51.2400016784668
260,MCD,2013,103.69999694824219,89.25,89.4000015258789,97.02999877929688
261,MCD,2014,103.77999877929688,87.62000274658203,96.80999755859375,93.69999694824219
262,MCD,2015,120.2300033569336,87.5,94.12999725341797,118.13999938964844
263,MCD,2016,131.9600067138672,110.33000183105469,117.25,121.72000122070312
264,MCD,2017,175.77999877929688,118.18000030517578,121.86000061035156,172.1199951171875
265,MCD,2018,190.8800048828125,146.83999633789062,173.72999572753906,177.57000732421875
266,MCD,2019,221.92999267578125,173.41000366210938,175.41000366210938,197.61000061035156
267,MCD,2020,231.91000366210938,124.2300033569336,198.0,214.5800018310547
268,MCD,2021,269.7200012207031,202.72999572753906,214.49000549316406,268.07000732421875
269,MCD,2022,281.6700134277344,217.67999267578125,269.489990234375,263.5299987792969
270,WMT,2013,81.37000274658203,67.72000122070312,68.93000030517578,78.69000244140625
271,WMT,2014,88.08999633789062,72.2699966430664,78.72000122070312,85.87999725341797
272,WMT,2015,90.97000122070312,56.29999923706055,86.2699966430664,61.29999923706055
273,WMT,2016,75.19000244140625,60.20000076293945,60.5,69.12000274658203
274,WMT,2017,100.12999725341797,65.27999877929688,69.23999786376953,98.75
275,WMT,2018,109.9800033569336,81.77999877929688,99.30000305175781,93.1500015258789
276,WMT,2019,125.37999725341797,91.63999938964844,91.63999938964844,118.83999633789062
277,WMT,2020,153.66000366210938,102.0,118.86000061035156,144.14999389648438
278,WMT,2021,152.57000732421875,126.27999877929688,144.3000030517578,144.69000244140625
279,WMT,2022,160.77000427246094,117.2699966430664,144.0,141.7899932861328
280,BAC,2013,15.979999542236328,10.979999542236328,12.050000190734863,15.569999694824219
281,BAC,2014,18.209999084472656,14.369999885559082,15.6899995803833,17.889999389648438
282,BAC,2015,18.479999542236328,14.600000381469727,17.989999771118164,16.829999923706055
283,BAC,2016,23.389999389648438,10.989999771118164,16.450000762939453,22.100000381469727
284,BAC,2017,30.030000686645508,22.010000228881836,22.600000381469727,29.520000457763672
285,BAC,2018,33.04999923706055,22.65999984741211,29.75,24.639999389648438
286,BAC,2019,35.720001220703125,24.010000228881836,24.079999923706055,35.220001220703125
287,BAC,2020,35.66999816894531,17.950000762939453,35.349998474121094,30.309999465942383
288,BAC,2021,48.689998626708984,29.56999969482422,30.459999084472656,44.4900016784668
289,BAC,2022,50.11000061035156,29.309999465942383,45.09000015258789,33.119998931884766
290,CRM,2013,58.369998931884766,36.09000015258789,42.942501068115234,55.189998626708984
291,CRM,2014,67.0,48.18000030517578,55.20000076293945,59.310001373291016
292,CRM,2015,82.9000015258789,54.95000076293945,59.900001525878906,78.4000015258789
293,CRM,2016,84.4800033569336,52.599998474121094,77.13999938964844,68.45999908447266
294,CRM,2017,109.19000244140625,69.0,69.29000091552734,102.2300033569336
295,CRM,2018,161.19000244140625,102.2699966430664,102.87999725341797,136.97000122070312
296,CRM,2019,167.55999755859375,130.10000610351562,133.39999389648438,162.63999938964844
297,CRM,2020,284.5,115.29000091552734,163.9199981689453,222.52999877929688
298,CRM,2021,311.75,201.50999450683594,222.63999938964844,254.1300048828125
299,CRM,2022,256.8699951171875,126.33999633789062,255.00999450683594,132.58999633789062
300,CSCO,2013,26.489999771118164,19.979999542236328,20.1200008392334,22.43000030517578
301,CSCO,2014,28.59000015258789,21.270000457763672,22.170000076293945,27.81999969482422
302,CSCO,2015,30.309999465942383,23.030000686645508,27.860000610351562,27.15999984741211
303,CSCO,2016,31.950000762939453,22.459999084472656,26.389999389648438,30.219999313354492
304,CSCO,2017,38.9900016784668,29.799999237060547,30.3700008392334,38.29999923706055
305,CSCO,2018,49.470001220703125,37.349998474121094,38.66999816894531,43.33000183105469
306,CSCO,2019,58.2599983215332,40.959999084472656,42.279998779296875,47.959999084472656
307,CSCO,2020,50.279998779296875,32.400001525878906,48.060001373291016,44.75
308,CSCO,2021,64.29000091552734,43.349998474121094,44.310001373291016,63.369998931884766
309,CSCO,2022,63.349998474121094,38.599998474121094,62.900001525878906,47.63999938964844
310,ABT,2013,38.810001373291016,31.639999389648438,32.29999923706055,38.33000183105469
311,ABT,2014,46.5,35.650001525878906,38.09000015258789,45.02000045776367
312,ABT,2015,51.7400016784668,39.0,45.25,44.90999984741211
313,ABT,2016,45.790000915527344,36.0,43.939998626708984,38.40999984741211
314,ABT,2017,57.77000045776367,38.34000015258789,38.630001068115234,57.06999969482422
315,ABT,2018,74.91999816894531,55.58000183105469,58.20000076293945,72.33000183105469
316,ABT,2019,89.23999786376953,65.5,70.38999938964844,86.86000061035156
317,ABT,2020,115.13999938964844,61.61000061035156,86.05999755859375,109.48999786376953
318,ABT,2021,142.60000610351562,105.36000061035156,109.52999877929688,140.74000549316406
319,ABT,2022,139.8300018310547,93.25,139.42999267578125,109.79000091552734
320,DIS,2013,76.54000091552734,50.18000030517578,50.79999923706055,76.4000015258789
321,DIS,2014,95.93000030517578,69.8499984741211,76.04000091552734,94.19000244140625
322,DIS,2015,122.08000183105469,90.0,94.91000366210938,105.08000183105469
323,DIS,2016,106.75,86.25,103.12000274658203,104.22000122070312
324,DIS,2017,116.0999984741211,96.19999694824219,105.30000305175781,107.51000213623047
325,DIS,2018,120.19999694824219,97.68000030517578,108.94999694824219,109.6500015258789
326,DIS,2019,153.41000366210938,105.94000244140625,108.0999984741211,144.6300048828125
327,DIS,2020,183.39999389648438,79.06999969482422,145.2899932861328,181.17999267578125
328,DIS,2021,203.02000427246094,142.0399932861328,182.25999450683594,154.88999938964844
329,DIS,2022,160.32000732421875,84.06999969482422,155.8300018310547,86.87999725341797
330,LIN,2013,130.5800018310547,107.69000244140625,110.94000244140625,130.02999877929688
331,LIN,2014,135.24000549316406,117.31999969482422,129.13999938964844,129.55999755859375
332,LIN,2015,130.3800048828125,98.55000305175781,129.63999938964844,102.4000015258789
333,LIN,2016,125.0,95.5999984741211,101.02999877929688,117.19000244140625
334,LIN,2017,156.39999389648438,115.0,117.97000122070312,154.67999267578125
335,LIN,2018,169.75,140.0,154.75999450683594,156.0399932861328
336,LIN,2019,214.25999450683594,151.92999267578125,153.52999877929688,212.89999389648438
337,LIN,2020,269.7799987792969,146.7100067138672,213.5800018310547,263.510009765625
338,LIN,2021,346.9700012207031,240.8000030517578,266.7099914550781,346.42999267578125
339,LIN,2022,352.17999267578125,262.4700012207031,346.4200134277344,326.17999267578125
340,ACN,2013,84.22000122070312,67.55000305175781,67.58999633789062,82.22000122070312
341,ACN,2014,91.94000244140625,73.9800033569336,81.5,89.30999755859375
342,ACN,2015,109.86000061035156,83.47000122070312,89.66999816894531,104.5
343,ACN,2016,125.72000122070312,91.4000015258789,102.62000274658203,117.12999725341797
344,ACN,2017,158.44000244140625,112.30999755859375,117.37999725341797,153.08999633789062
345,ACN,2018,175.63999938964844,132.6300048828125,153.5,141.00999450683594
346,ACN,2019,213.25,135.5800018310547,138.92999267578125,210.57000732421875
347,ACN,2020,271.17999267578125,137.14999389648438,210.86000061035156,261.2099914550781
348,ACN,2021,417.3699951171875,241.72999572753906,261.0,414.54998779296875
349,ACN,2022,415.5299987792969,242.9499969482422,414.6600036621094,266.8399963378906
350,ADBE,2013,61.09000015258789,37.36000061035156,37.91999816894531,59.880001068115234
351,ADBE,2014,77.55999755859375,57.150001525878906,59.060001373291016,72.69999694824219
352,ADBE,2015,96.41999816894531,68.9800033569336,72.69999694824219,93.94000244140625
353,ADBE,2016,111.08999633789062,71.2699966430664,91.7699966430664,102.94999694824219
354,ADBE,2017,186.27000427246094,102.80999755859375,103.43000030517578,175.24000549316406
355,ADBE,2018,277.6099853515625,175.25999450683594,175.85000610351562,226.24000549316406
356,ADBE,2019,332.8800048828125,215.14999389648438,219.91000366210938,329.80999755859375
357,ADBE,2020,536.8800048828125,255.1300048828125,330.0,500.1199951171875
358,ADBE,2021,699.5399780273438,420.7799987792969,500.29998779296875,567.0599975585938
359,ADBE,2022,575.0,274.7300109863281,566.6500244140625,336.5299987792969
360,DHR,2013,58.67323684692383,42.58529281616211,43.18423080444336,58.52919006347656
361,DHR,2014,66.33055114746094,53.1614875793457,58.119789123535156,64.98104858398438
362,DHR,2015,74.01061248779297,61.59969711303711,65.20848846435547,70.41698455810547
363,DHR,2016,82.63999938964844,61.59969711303711,69.03714752197266,77.83999633789062
364,DHR,2017,95.16000366210938,78.22000122070312,78.44000244140625,92.81999969482422
365,DHR,2018,110.86000061035156,91.83999633789062,93.18000030517578,103.12000274658203
366,DHR,2019,154.0,96.44000244140625,101.66000366210938,153.47999572753906
367,DHR,2020,248.32000732421875,119.5999984741211,153.9600067138672,222.13999938964844
368,DHR,2021,333.9599914550781,211.22000122070312,224.99000549316406,329.010009765625
369,DHR,2022,328.57000732421875,233.7100067138672,327.1199951171875,265.4200134277344
370,TXN,2013,44.09000015258789,31.389999389648438,31.549999237060547,43.90999984741211
371,TXN,2014,56.0,40.33000183105469,43.439998626708984,53.470001220703125
372,TXN,2015,59.9900016784668,43.4900016784668,53.560001373291016,54.810001373291016
373,TXN,2016,75.25,46.72999954223633,53.54999923706055,72.97000122070312
374,TXN,2017,105.33000183105469,72.47000122070312,73.52999877929688,104.44000244140625
375,TXN,2018,120.75,87.69999694824219,105.11000061035156,94.5
376,TXN,2019,132.1999969482422,88.68000030517578,92.76000213623047,128.2899932861328
377,TXN,2020,167.24000549316406,93.08999633789062,129.1300048828125,164.1300048828125
378,TXN,2021,202.25999450683594,160.75999450683594,164.60000610351562,188.47000122070312
379,TXN,2022,192.10000610351562,144.4600067138672,188.82000732421875,165.22000122070312
380,NKE,2013,40.130001068115234,25.700000762939453,26.200000762939453,39.31999969482422
381,NKE,2014,49.880001068115234,34.92499923706055,39.07500076293945,48.07500076293945
382,NKE,2015,68.19499969482422,45.345001220703125,48.275001525878906,62.5
383,NKE,2016,65.44000244140625,49.0099983215332,61.11000061035156,50.83000183105469
384,NKE,2017,65.19000244140625,50.349998474121094,51.9900016784668,62.54999923706055
385,NKE,2018,86.04000091552734,62.09000015258789,62.849998474121094,74.13999938964844
386,NKE,2019,101.79000091552734,71.20999908447266,72.79000091552734,101.30999755859375
387,NKE,2020,147.9499969482422,60.0,101.36000061035156,141.47000122070312
388,NKE,2021,179.10000610351562,125.44000244140625,142.85000610351562,166.6699981689453
389,NKE,2022,167.91000366210938,82.22000122070312,167.52999877929688,117.01000213623047
390,WFC,2013,45.63999938964844,34.43000030517578,35.029998779296875,45.400001525878906
391,WFC,2014,55.95000076293945,44.16999816894531,45.150001525878906,54.81999969482422
392,WFC,2015,58.77000045776367,47.75,55.11000061035156,54.36000061035156
393,WFC,2016,58.02000045776367,43.54999923706055,53.09000015258789,55.11000061035156
394,WFC,2017,62.2400016784668,49.27000045776367,55.66999816894531,60.66999816894531
395,WFC,2018,66.30999755859375,43.02000045776367,61.040000915527344,46.08000183105469
396,WFC,2019,54.75,43.34000015258789,45.529998779296875,53.79999923706055
397,WFC,2020,54.040000915527344,20.760000228881836,53.849998474121094,30.18000030517578
398,WFC,2021,52.56999969482422,29.399999618530273,30.31999969482422,47.97999954223633
399,WFC,2022,60.29999923706055,36.540000915527344,48.93000030517578,41.290000915527344
400,NEE,2013,22.4375,17.452499389648438,17.497499465942383,21.405000686645508
401,NEE,2014,27.709999084472656,20.99250030517578,21.34749984741211,26.572500228881836
402,NEE,2015,28.15999984741211,23.434999465942383,26.657499313354492,25.97249984741211
403,NEE,2016,32.994998931884766,25.549999237060547,25.717500686645508,29.864999771118164
404,NEE,2017,39.849998474121094,29.332500457763672,29.885000228881836,39.04750061035156
405,NEE,2018,46.04999923706055,36.275001525878906,39.10749816894531,43.45500183105469
406,NEE,2019,61.252498626708984,42.165000915527344,43.16999816894531,60.540000915527344
407,NEE,2020,83.33999633789062,43.70000076293945,60.49250030517578,77.1500015258789
408,NEE,2021,93.7300033569336,68.33000183105469,77.20999908447266,93.36000061035156
409,NEE,2022,93.6500015258789,67.22000122070312,93.41999816894531,83.5999984741211
410,CMCSA,2013,26.045000076293945,18.604999542236328,19.024999618530273,25.985000610351562
411,CMCSA,2014,29.649999618530273,23.8700008392334,25.899999618530273,29.0049991607666
412,CMCSA,2015,32.494998931884766,25.0,29.0,28.21500015258789
413,CMCSA,2016,35.65999984741211,26.170000076293945,27.575000762939453,34.525001525878906
414,CMCSA,2017,42.18000030517578,34.1150016784668,34.834999084472656,40.04999923706055
415,CMCSA,2018,44.0,30.43000030517578,40.86000061035156,34.04999923706055
416,CMCSA,2019,47.27000045776367,33.41999816894531,33.4900016784668,44.970001220703125
417,CMCSA,2020,52.4900016784668,31.709999084472656,45.36000061035156,52.400001525878906
418,CMCSA,2021,61.79999923706055,46.290000915527344,52.279998779296875,50.33000183105469
419,CMCSA,2022,52.099998474121094,28.389999389648438,49.97999954223633,34.970001220703125
420,VZ,2013,54.310001373291016,41.5,44.4900016784668,49.13999938964844
421,VZ,2014,53.65999984741211,45.09000015258789,49.08000183105469,46.779998779296875
422,VZ,2015,50.86000061035156,38.060001373291016,47.0,46.220001220703125
423,VZ,2016,56.95000076293945,43.790000915527344,45.66999816894531,53.380001068115234
424,VZ,2017,54.83000183105469,42.79999923706055,53.959999084472656,52.93000030517578
425,VZ,2018,61.58000183105469,46.09000015258789,53.15999984741211,56.220001220703125
426,VZ,2019,62.220001220703125,52.279998779296875,56.15999984741211,61.400001525878906
427,VZ,2020,61.95000076293945,48.84000015258789,61.380001068115234,58.75
428,VZ,2021,59.849998474121094,49.689998626708984,58.959999084472656,51.959999084472656
429,VZ,2022,55.5099983215332,34.54999923706055,52.06999969482422,39.400001525878906
430,PM,2013,96.7300033569336,82.86000061035156,84.69999694824219,87.12999725341797
431,PM,2014,91.62999725341797,75.27999877929688,87.0,81.44999694824219
432,PM,2015,90.2699966430664,75.2699966430664,81.5999984741211,87.91000366210938
433,PM,2016,104.19999694824219,84.45999908447266,86.8499984741211,91.48999786376953
434,PM,2017,123.55000305175781,89.97000122070312,91.79000091552734,105.6500015258789
435,PM,2018,111.25,64.66999816894531,105.81999969482422,66.76000213623047
436,PM,2019,92.73999786376953,65.73999786376953,66.12999725341797,85.08999633789062
437,PM,2020,90.16999816894531,56.0099983215332,85.51000213623047,82.79000091552734
438,PM,2021,106.51000213623047,78.33999633789062,82.81999969482422,95.0
439,PM,2022,112.4800033569336,82.8499984741211,94.88999938964844,101.20999908447266
440,RTX,2013,71.70547485351562,52.3033332824707,52.50471878051758,71.61737060546875
441,RTX,2014,75.9345474243164,61.23347854614258,71.05097198486328,72.37255859375
442,RTX,2015,78.31969451904297,53.80742645263672,72.4606704711914,60.459407806396484
443,RTX,2016,70.28948974609375,52.47954559326172,59.43989944458008,68.98678588867188
444,RTX,2017,80.86217498779297,67.24354553222656,69.47136688232422,80.28319549560547
445,RTX,2018,90.7174301147461,63.234737396240234,80.49087524414062,67.01069641113281
446,RTX,2019,95.07237243652344,64.96538543701172,66.17998504638672,94.24795532226562
447,RTX,2020,99.71051025390625,43.43612289428711,94.23536682128906,71.51000213623047
448,RTX,2021,92.31999969482422,65.0199966430664,71.37999725341797,86.05999755859375
449,RTX,2022,106.0199966430664,80.2699966430664,86.08000183105469,100.91999816894531
450,BMY,2013,54.4900016784668,32.5,32.84000015258789,53.150001525878906
451,BMY,2014,61.77000045776367,46.29999923706055,52.52000045776367,59.029998779296875
452,BMY,2015,70.87000274658203,51.81999969482422,59.43000030517578,68.79000091552734
453,BMY,2016,77.12000274658203,49.029998779296875,67.44999694824219,58.439998626708984
454,BMY,2017,66.0999984741211,46.0099983215332,58.779998779296875,61.279998779296875
455,BMY,2018,70.05000305175781,46.939998626708984,61.400001525878906,51.97999954223633
456,BMY,2019,64.75,42.47999954223633,51.34000015258789,64.19000244140625
457,BMY,2020,68.33999633789062,45.7599983215332,63.849998474121094,62.029998779296875
458,BMY,2021,69.75,53.220001220703125,61.7400016784668,62.349998474121094
459,BMY,2022,81.44000244140625,60.86000061035156,62.06999969482422,71.94999694824219
460,ORCL,2013,38.34000015258789,29.860000610351562,34.08000183105469,38.2599983215332
461,ORCL,2014,46.709999084472656,35.439998626708984,37.779998779296875,44.970001220703125
462,ORCL,2015,45.33000183105469,35.13999938964844,45.02000045776367,36.529998779296875
463,ORCL,2016,42.0,33.130001068115234,36.0099983215332,38.45000076293945
464,ORCL,2017,53.13999938964844,38.29999923706055,38.45000076293945,47.279998779296875
465,ORCL,2018,53.47999954223633,42.400001525878906,47.56999969482422,45.150001525878906
466,ORCL,2019,60.5,44.40999984741211,44.47999954223633,52.97999954223633
467,ORCL,2020,66.19999694824219,39.709999084472656,53.27000045776367,64.69000244140625
468,ORCL,2021,106.33999633789062,59.7400016784668,64.69000244140625,87.20999908447266
469,ORCL,2022,89.58000183105469,60.779998779296875,87.33000183105469,81.73999786376953
470,NFLX,2013,55.59428787231445,12.955714225769043,13.601428985595703,52.5957145690918
471,NFLX,2014,69.89856719970703,42.78571319580078,52.40142822265625,48.801429748535156
472,NFLX,2015,133.27000427246094,45.264286041259766,49.15142822265625,114.37999725341797
473,NFLX,2016,129.2899932861328,79.94999694824219,109.0,123.80000305175781
474,NFLX,2017,204.3800048828125,124.30999755859375,124.95999908447266,191.9600067138672
475,NFLX,2018,423.2099914550781,195.4199981689453,196.10000610351562,267.6600036621094
476,NFLX,2019,385.989990234375,252.27999877929688,259.2799987792969,323.57000732421875
477,NFLX,2020,575.3699951171875,290.25,326.1000061035156,540.72998046875
478,NFLX,2021,700.989990234375,478.5400085449219,539.0,602.4400024414062
479,NFLX,2022,609.989990234375,162.7100067138672,605.6099853515625,294.8800048828125
480,UPS,2013,105.37000274658203,75.0199966430664,75.08999633789062,105.08000183105469
481,UPS,2014,113.0999984741211,93.19000244140625,104.62999725341797,111.16999816894531
482,UPS,2015,114.4000015258789,93.63999938964844,111.2699966430664,96.2300033569336
483,UPS,2016,120.44000244140625,87.30000305175781,95.33999633789062,114.63999938964844
484,UPS,2017,125.16000366210938,102.12000274658203,115.5199966430664,119.1500015258789
485,UPS,2018,135.52999877929688,89.88999938964844,120.04000091552734,97.52999877929688
486,UPS,2019,125.30999755859375,92.6500015258789,96.12000274658203,117.05999755859375
487,UPS,2020,178.00999450683594,82.0,117.68000030517578,168.39999389648438
488,UPS,2021,220.24000549316406,154.75999450683594,168.39999389648438,214.33999633789062
489,UPS,2022,233.72000122070312,154.8699951171875,214.64999389648438,173.83999633789062
490,AMD,2013,4.650000095367432,2.259999990463257,2.549999952316284,3.869999885559082
491,AMD,2014,4.800000190734863,2.3499999046325684,3.8499999046325684,2.6700000762939453
492,AMD,2015,3.369999885559082,1.6100000143051147,2.6700000762939453,2.869999885559082
493,AMD,2016,12.420000076293945,1.75,2.7699999809265137,11.34000015258789
494,AMD,2017,15.649999618530273,9.420000076293945,11.420000076293945,10.279999732971191
495,AMD,2018,34.13999938964844,9.039999961853027,10.420000076293945,18.459999084472656
496,AMD,2019,47.310001373291016,16.940000534057617,18.010000228881836,45.86000061035156
497,AMD,2020,97.9800033569336,36.75,46.86000061035156,91.70999908447266
498,AMD,2021,164.4600067138672,72.5,92.11000061035156,143.89999389648438
499,AMD,2022,152.4199981689453,54.56999969482422,145.13999938964844,64.7699966430664
500,HON,2013,87.29051208496094,61.168190002441406,61.6544075012207,87.109375
501,HON,2014,97.61550903320312,79.0248031616211,86.71849060058594,95.26068115234375
502,HON,2015,102.40142059326172,82.94314575195312,95.52762603759766,98.740478515625
503,HON,2016,114.42340850830078,89.34025573730469,96.88140869140625,111.0363540649414
504,HON,2017,150.1890106201172,110.7583999633789,111.78394317626953,146.98779296875
505,HON,2018,162.51937866210938,123.4800033569336,147.4286651611328,132.1199951171875
506,HON,2019,183.1199951171875,129.07000732421875,130.19000244140625,177.0
507,HON,2020,216.6999969482422,101.08000183105469,177.5,212.6999969482422
508,HON,2021,236.86000061035156,194.5500030517578,212.83999633789062,208.50999450683594
509,HON,2022,221.88999938964844,166.6300048828125,207.86000061035156,214.3000030517578
510,QCOM,2013,74.31999969482422,59.02000045776367,63.58000183105469,74.25
511,QCOM,2014,81.97000122070312,67.66999816894531,73.61000061035156,74.33000183105469
512,QCOM,2015,75.30000305175781,45.93000030517578,74.51000213623047,49.9900016784668
513,QCOM,2016,71.62000274658203,42.2400016784668,49.43000030517578,65.19999694824219
514,QCOM,2017,69.27999877929688,48.91999816894531,65.86000061035156,64.0199966430664
515,QCOM,2018,76.5,48.560001373291016,64.37999725341797,56.90999984741211
516,QCOM,2019,94.11000061035156,49.099998474121094,56.20000076293945,88.2300033569336
517,QCOM,2020,161.07000732421875,58.0,89.05000305175781,152.33999633789062
518,QCOM,2021,192.67999267578125,122.16999816894531,153.00999450683594,182.8699951171875
519,QCOM,2022,193.5800018310547,101.93000030517578,182.91000366210938,109.94000244140625
520,AMGN,2013,119.69999694824219,81.55999755859375,87.36000061035156,114.08000183105469
521,AMGN,2014,173.13999938964844,108.19999694824219,114.36000061035156,159.2899932861328
522,AMGN,2015,181.80999755859375,130.08999633789062,160.16000366210938,162.3300018310547
523,AMGN,2016,176.85000610351562,133.63999938964844,159.0,146.2100067138672
524,AMGN,2017,191.10000610351562,147.1199951171875,147.86000061035156,173.89999389648438
525,AMGN,2018,210.19000244140625,163.30999755859375,175.35000610351562,194.6699981689453
526,AMGN,2019,244.99000549316406,166.3000030517578,192.52000427246094,241.07000732421875
527,AMGN,2020,264.9700012207031,177.0500030517578,243.0,229.9199981689453
528,AMGN,2021,276.69000244140625,198.63999938964844,231.25,224.97000122070312
529,AMGN,2022,296.6700134277344,214.38999938964844,223.6300048828125,262.6400146484375
530,LOW,2013,52.08000183105469,34.43000030517578,36.130001068115234,49.54999923706055
531,LOW,2014,69.56999969482422,44.130001068115234,49.54999923706055,68.80000305175781
532,LOW,2015,78.12999725341797,64.22000122070312,69.0,76.04000091552734
533,LOW,2016,83.6500015258789,62.619998931884766,74.69000244140625,71.12000274658203
534,LOW,2017,93.55000305175781,70.48999786376953,71.70999908447266,92.94000244140625
535,LOW,2018,117.69999694824219,81.16000366210938,93.0199966430664,92.36000061035156
536,LOW,2019,121.45999908447266,90.2300033569336,91.22000122070312,119.76000213623047
537,LOW,2020,180.6699981689453,60.0,120.05000305175781,160.50999450683594
538,LOW,2021,263.30999755859375,150.83999633789062,160.77000427246094,258.4800109863281
539,LOW,2022,260.8299865722656,170.1199951171875,259.20001220703125,199.24000549316406
540,COP,2013,74.58999633789062,56.380001068115234,59.150001525878906,70.6500015258789
541,COP,2014,87.08999633789062,60.84000015258789,70.2699966430664,69.05999755859375
542,COP,2015,70.11000061035156,41.099998474121094,68.5,46.689998626708984
543,COP,2016,53.16999816894531,31.049999237060547,46.40999984741211,50.13999938964844
544,COP,2017,56.369998931884766,42.27000045776367,50.81999969482422,54.88999938964844
545,COP,2018,80.23999786376953,50.18000030517578,55.09000015258789,62.349998474121094
546,COP,2019,71.01000213623047,50.130001068115234,60.689998626708984,65.02999877929688
547,COP,2020,67.12999725341797,20.84000015258789,65.27999877929688,39.9900016784668
548,COP,2021,77.9800033569336,39.18000030517578,40.5,72.18000030517578
549,COP,2022,138.49000549316406,72.0199966430664,72.02999877929688,118.0
550,SBUX,2013,41.25,26.260000228881836,27.295000076293945,39.19499969482422
551,SBUX,2014,42.099998474121094,33.96500015258789,39.03499984741211,41.025001525878906
552,SBUX,2015,64.0,39.279998779296875,41.064998626708984,60.029998779296875
553,SBUX,2016,61.790000915527344,50.84000015258789,58.77000045776367,55.52000045776367
554,SBUX,2017,64.87000274658203,52.58000183105469,55.90999984741211,57.43000030517578
555,SBUX,2018,68.9800033569336,47.369998931884766,57.95000076293945,64.4000015258789
556,SBUX,2019,99.72000122070312,61.400001525878906,63.68000030517578,87.91999816894531
557,SBUX,2020,107.13999938964844,50.02000045776367,88.12000274658203,106.9800033569336
558,SBUX,2021,126.31999969482422,95.91999816894531,107.66000366210938,116.97000122070312
559,SBUX,2022,117.80000305175781,68.38999938964844,116.47000122070312,99.19999694824219
560,T,2013,29.456193923950195,24.743202209472656,25.974319458007812,26.555891036987305
561,T,2014,28.308156967163086,23.972810745239258,26.616313934326172,25.37009048461914
562,T,2015,27.530210494995117,23.391239166259766,25.37009048461914,25.989425659179688
563,T,2016,33.1495475769043,25.23413848876953,25.74018096923828,32.12235641479492
564,T,2017,32.5,24.584592819213867,32.243202209472656,29.365558624267578
565,T,2018,29.67522621154785,20.24169158935547,29.501510620117188,21.555891036987305
566,T,2019,29.984893798828125,21.374622344970703,21.525680541992188,29.516616821289062
567,T,2020,29.871601104736328,19.697885513305664,29.57703971862793,21.72205352783203
568,T,2021,25.58912467956543,16.631420135498047,22.197885513305664,18.580059051513672
569,T,2022,21.530000686645508,14.460000038146973,18.71601104736328,18.40999984741211
570,INTU,2013,76.88999938964844,55.540000915527344,60.130001068115234,76.31999969482422
571,INTU,2014,95.83999633789062,69.0199966430664,76.11000061035156,92.19000244140625
572,INTU,2015,109.20999908447266,79.62999725341797,92.20999908447266,96.5
573,INTU,2016,118.66000366210938,88.16999816894531,94.19000244140625,114.61000061035156
574,INTU,2017,161.44000244140625,111.9000015258789,114.33999633789062,157.77999877929688
575,INTU,2018,231.83999633789062,150.42999267578125,158.22000122070312,196.85000610351562
576,INTU,2019,295.7699890136719,188.2100067138672,191.5,261.92999267578125
577,INTU,2020,387.94000244140625,187.67999267578125,261.0799865722656,379.8500061035156
578,INTU,2021,716.8599853515625,357.69000244140625,379.739990234375,643.219970703125
579,INTU,2022,645.6099853515625,339.3599853515625,640.030029296875,389.2200012207031
580,INTC,2013,26.040000915527344,20.100000381469727,21.149999618530273,25.959999084472656
581,INTC,2014,37.900001525878906,23.5,25.780000686645508,36.290000915527344
582,INTC,2015,37.4900016784668,24.8700008392334,36.66999816894531,34.45000076293945
583,INTC,2016,38.36000061035156,27.68000030517578,33.880001068115234,36.27000045776367
584,INTC,2017,47.63999938964844,33.22999954223633,36.61000061035156,46.15999984741211
585,INTC,2018,57.599998474121094,42.040000915527344,46.380001068115234,46.93000030517578
586,INTC,2019,60.47999954223633,42.86000061035156,45.959999084472656,59.849998474121094
587,INTC,2020,69.29000091552734,43.61000061035156,60.2400016784668,49.81999969482422
588,INTC,2021,68.48999786376953,47.869998931884766,49.88999938964844,51.5
589,INTC,2022,56.279998779296875,24.59000015258789,51.650001525878906,26.43000030517578
590,UNP,2013,84.12000274658203,63.65999984741211,64.12000274658203,84.0
591,UNP,2014,123.61000061035156,82.48500061035156,84.19999694824219,119.12999725341797
592,UNP,2015,124.5199966430664,74.77999877929688,119.93000030517578,78.19999694824219
593,UNP,2016,106.62000274658203,67.05999755859375,76.87000274658203,103.68000030517578
594,UNP,2017,136.32000732421875,101.05999755859375,104.4800033569336,134.10000610351562
595,UNP,2018,165.6300048828125,121.22000122070312,134.7100067138672,138.22999572753906
596,UNP,2019,181.58999633789062,132.1699981689453,135.64999389648438,180.7899932861328
597,UNP,2020,211.13999938964844,105.08000183105469,180.9499969482422,208.22000122070312
598,UNP,2021,253.3300018310547,193.13999938964844,208.0399932861328,251.92999267578125
599,UNP,2022,278.94000244140625,183.6999969482422,253.25,207.07000732421875
600,MDT,2013,58.849998474121094,41.15999984741211,41.45000076293945,57.38999938964844
601,MDT,2014,75.66000366210938,53.33000183105469,57.209999084472656,72.19999694824219
602,MDT,2015,79.5,55.540000915527344,72.12999725341797,76.91999816894531
603,MDT,2016,89.2699966430664,71.02999877929688,75.83000183105469,71.2300033569336
604,MDT,2017,89.72000122070312,69.3499984741211,70.25,80.75
605,MDT,2018,100.1500015258789,76.41000366210938,82.16000366210938,90.95999908447266
606,MDT,2019,115.94000244140625,81.66000366210938,89.52999877929688,113.44999694824219
607,MDT,2020,122.1500015258789,72.12999725341797,114.45999908447266,117.13999938964844
608,MDT,2021,135.88999938964844,98.37999725341797,117.19999694824219,103.44999694824219
609,MDT,2022,114.30999755859375,75.7699966430664,103.13999938964844,77.72000122070312
610,MS,2013,31.850000381469727,19.31999969482422,20.15999984741211,31.360000610351562
611,MS,2014,39.189998626708984,28.309999465942383,31.329999923706055,38.79999923706055
612,MS,2015,41.040000915527344,30.149999618530273,39.04999923706055,31.809999465942383
613,MS,2016,44.040000915527344,21.15999984741211,30.700000762939453,42.25
614,MS,2017,54.25,40.060001373291016,43.09000015258789,52.470001220703125
615,MS,2018,59.380001068115234,36.7400016784668,52.7599983215332,39.650001525878906
616,MS,2019,51.439998626708984,38.7599983215332,39.02000045776367,51.119998931884766
617,MS,2020,68.97000122070312,27.200000762939453,51.20000076293945,68.52999877929688
618,MS,2021,105.94999694824219,66.8499984741211,69.27999877929688,98.16000366210938
619,MS,2022,109.7300033569336,72.05000305175781,99.33000183105469,85.0199966430664
620,GS,2013,177.44000244140625,129.6199951171875,131.3000030517578,177.25999450683594
621,GS,2014,198.05999755859375,151.64999389648438,176.9499969482422,193.8300018310547
622,GS,2015,218.77000427246094,167.49000549316406,195.3000030517578,180.22999572753906
623,GS,2016,245.57000732421875,138.1999969482422,175.7899932861328,239.4499969482422
624,GS,2017,262.1400146484375,209.6199951171875,242.6999969482422,254.75999450683594
625,GS,2018,275.30999755859375,151.6999969482422,257.7699890136719,167.0500030517578
626,GS,2019,232.2100067138672,163.35000610351562,164.3300018310547,229.92999267578125
627,GS,2020,263.92999267578125,130.85000610351562,231.0,263.7099914550781
628,GS,2021,426.1600036621094,260.1600036621094,267.0,382.54998779296875
629,GS,2022,412.6600036621094,277.8399963378906,389.0,343.3800048828125
630,CAT,2013,99.69999694824219,79.48999786376953,92.94999694824219,90.80999755859375
631,CAT,2014,111.45999908447266,85.87999725341797,90.41000366210938,91.52999877929688
632,CAT,2015,92.37000274658203,62.9900016784668,91.7699966430664,67.95999908447266
633,CAT,2016,97.4000015258789,56.36000061035156,66.87999725341797,92.73999786376953
634,CAT,2017,158.64999389648438,90.33999633789062,94.0,157.5800018310547
635,CAT,2018,173.24000549316406,112.05999755859375,158.3000030517578,127.06999969482422
636,CAT,2019,148.92999267578125,111.75,124.02999877929688,147.67999267578125
637,CAT,2020,183.80999755859375,87.5,149.0,182.02000427246094
638,CAT,2021,246.69000244140625,179.33999633789062,183.0,206.74000549316406
639,CAT,2022,245.0500030517578,160.60000610351562,207.3300018310547,239.55999755859375
640,BA,2013,142.0,72.68000030517578,76.55000305175781,136.49000549316406
641,BA,2014,144.57000732421875,116.31999969482422,136.00999450683594,129.97999572753906
642,BA,2015,158.8300018310547,115.13999938964844,131.07000732421875,144.58999633789062
643,BA,2016,160.07000732421875,102.0999984741211,141.3800048828125,155.67999267578125
644,BA,2017,299.3299865722656,155.2100067138672,156.3000030517578,294.9100036621094
645,BA,2018,394.2799987792969,292.4700012207031,295.75,322.5
646,BA,2019,446.010009765625,309.3999938964844,316.19000244140625,325.760009765625
647,BA,2020,349.95001220703125,89.0,328.54998779296875,214.05999755859375
648,BA,2021,278.57000732421875,185.25999450683594,210.0,201.32000732421875
649,BA,2022,229.6699981689453,113.0199966430664,204.0,190.49000549316406
650,SPGI,2013,78.80999755859375,42.06999969482422,55.630001068115234,78.19999694824219
651,SPGI,2014,93.94000244140625,71.93000030517578,77.44000244140625,88.9800033569336
652,SPGI,2015,109.12999725341797,84.63999938964844,89.77999877929688,98.58000183105469
653,SPGI,2016,128.39999389648438,78.55000305175781,96.55999755859375,107.54000091552734
654,SPGI,2017,174.07000732421875,107.87000274658203,108.41000366210938,169.39999389648438
655,SPGI,2018,217.30999755859375,156.67999267578125,169.74000549316406,169.94000244140625
656,SPGI,2019,275.75,163.99000549316406,169.27000427246094,273.04998779296875
657,SPGI,2020,379.8699951171875,186.05999755859375,274.57000732421875,328.7300109863281
658,SPGI,2021,484.2099914550781,303.5,331.7099914550781,471.92999267578125
659,SPGI,2022,472.8299865722656,279.32000732421875,472.8299865722656,334.94000244140625
660,PLD,2013,45.52000045776367,34.599998474121094,37.2400016784668,36.95000076293945
661,PLD,2014,44.04999923706055,36.33000183105469,36.9900016784668,43.029998779296875
662,PLD,2015,47.560001373291016,36.2599983215332,43.310001373291016,42.91999816894531
663,PLD,2016,54.869998931884766,35.25,42.36000061035156,52.790000915527344
664,PLD,2017,67.52999877929688,48.33000183105469,53.27000045776367,64.51000213623047
665,PLD,2018,68.94999694824219,55.209999084472656,64.58999633789062,58.720001220703125
666,PLD,2019,92.80000305175781,56.400001525878906,58.040000915527344,89.13999938964844
667,PLD,2020,112.37000274658203,59.81999969482422,89.66999816894531,99.66000366210938
668,PLD,2021,169.92999267578125,93.08000183105469,99.55000305175781,168.36000061035156
669,PLD,2022,174.5399932861328,98.02999877929688,168.4600067138672,112.7300033569336
670,IBM,2013,206.4053497314453,164.9808807373047,185.5544891357422,179.32122802734375
671,IBM,2014,190.44932556152344,143.88145446777344,178.97705078125,153.3843231201172
672,IBM,2015,168.54684448242188,125.86042022705078,154.216064453125,131.56787109375
673,IBM,2016,162.47610473632812,111.75907897949219,129.63670349121094,158.69024658203125
674,IBM,2017,174.75143432617188,133.011474609375,159.6558380126953,146.67303466796875
675,IBM,2018,163.6042022705078,101.28107452392578,147.70555114746094,108.67112731933594
676,IBM,2019,146.2237091064453,106.77820587158203,107.0841293334961,128.1453094482422
677,IBM,2020,151.76864624023438,86.57743835449219,129.06309509277344,120.34416961669922
678,IBM,2021,146.11854553222656,112.1988525390625,120.31549072265625,133.66000366210938
679,IBM,2022,153.2100067138672,115.55000305175781,134.07000732421875,140.88999938964844
680,ELV,2013,94.36000061035156,58.75,61.08000183105469,92.38999938964844
681,ELV,2014,129.9600067138672,81.83999633789062,92.0,125.66999816894531
682,ELV,2015,173.58999633789062,122.86000061035156,126.6500015258789,139.44000244140625
683,ELV,2016,148.25999450683594,114.8499984741211,137.66000366210938,143.77000427246094
684,ELV,2017,236.38999938964844,140.5,144.5399932861328,225.00999450683594
685,ELV,2018,300.57000732421875,215.52000427246094,225.0,262.6300048828125
686,ELV,2019,317.989990234375,227.16000366210938,258.4100036621094,302.0299987792969
687,ELV,2020,338.20001220703125,171.02999877929688,302.6700134277344,321.0899963378906
688,ELV,2021,470.0199890136719,286.0400085449219,321.1099853515625,463.5400085449219
689,ELV,2022,549.52001953125,420.7300109863281,461.79998779296875,512.969970703125
690,LMT,2013,149.99000549316406,85.87999725341797,93.79000091552734,148.66000366210938
691,LMT,2014,198.72000122070312,144.69000244140625,147.0500030517578,192.57000732421875
692,LMT,2015,227.91000366210938,181.91000366210938,192.10000610351562,217.14999389648438
693,LMT,2016,269.8999938964844,200.47000122070312,214.0,249.94000244140625
694,LMT,2017,323.94000244140625,248.0,251.1999969482422,321.04998779296875
695,LMT,2018,363.0,241.17999267578125,322.0,261.8399963378906
696,LMT,2019,399.9599914550781,256.7900085449219,258.3599853515625,389.3800048828125
697,LMT,2020,442.5299987792969,266.1099853515625,392.8599853515625,354.9800109863281
698,LMT,2021,396.989990234375,319.80999755859375,354.9800109863281,355.4100036621094
699,LMT,2022,498.95001220703125,353.0299987792969,354.67999267578125,486.489990234375
700,GE,2013,168.67831420898438,124.18183135986328,129.16590881347656,168.31802368164062
701,GE,2014,167.77757263183594,142.25665283203125,167.29718017578125,151.7444305419922
702,GE,2015,189.09506225585938,116.31537628173828,152.16477966308594,187.0533905029297
703,GE,2016,198.16249084472656,162.7334442138672,183.45042419433594,189.75559997558594
704,GE,2017,191.19677734375,103.5849380493164,190.1759490966797,104.78592681884766
705,GE,2018,116.43547821044922,39.992794036865234,105.56656646728516,45.457275390625
706,GE,2019,73.94223022460938,44.49648666381836,44.79673385620117,69.69554901123047
707,GE,2020,82.810302734375,34.223262786865234,70.13270568847656,67.44730377197266
708,GE,2021,90.68696594238281,64.94925689697266,68.00936889648438,73.7470703125
709,GE,2022,80.97579956054688,46.78376388549805,74.33255004882812,65.40983581542969
710,GILD,2013,76.11000061035156,36.935001373291016,37.154998779296875,75.0999984741211
711,GILD,2014,116.83000183105469,63.5,75.20999908447266,94.26000213623047
712,GILD,2015,123.37000274658203,86.0,95.13999938964844,101.19000244140625
713,GILD,2016,103.0999984741211,70.83000183105469,99.7699966430664,71.61000061035156
714,GILD,2017,86.2699966430664,63.7599983215332,72.33999633789062,71.63999938964844
715,GILD,2018,89.54000091552734,60.31999969482422,72.19000244140625,62.54999923706055
716,GILD,2019,70.5,60.88999938964844,61.7599983215332,64.9800033569336
717,GILD,2020,85.97000122070312,56.560001373291016,65.52999877929688,58.2599983215332
718,GILD,2021,74.12000274658203,57.93000030517578,58.66999816894531,72.61000061035156
719,GILD,2022,89.73999786376953,57.16999816894531,72.2699966430664,85.8499984741211
720,ISRG,2013,65.07444763183594,39.01555633544922,56.27777862548828,42.67555618286133
721,ISRG,2014,60.13666534423828,38.49555587768555,42.62666702270508,58.77111053466797
722,ISRG,2015,62.76222229003906,49.66666793823242,58.98666763305664,60.684444427490234
723,ISRG,2016,80.80555725097656,55.77888870239258,60.795555114746094,70.46333312988281
724,ISRG,2017,135.01666259765625,69.413330078125,70.66000366210938,121.64666748046875
725,ISRG,2018,193.7066650390625,121.70333099365234,122.62999725341797,159.63999938964844
726,ISRG,2019,200.53334045410156,148.82000732421875,156.5,197.0500030517578
727,ISRG,2020,275.60333251953125,120.16666412353516,198.56666564941406,272.70001220703125
728,ISRG,2021,369.69000244140625,227.46665954589844,275.2799987792969,359.29998779296875
729,ISRG,2022,362.0,180.07000732421875,358.6499938964844,265.3500061035156
730,DE,2013,95.5999984741211,79.5,87.97000122070312,91.33000183105469
731,DE,2014,94.88999938964844,78.87999725341797,90.94999694824219,88.47000122070312
732,DE,2015,98.2300033569336,71.8499984741211,88.47000122070312,76.2699966430664
733,DE,2016,104.83000183105469,70.16000366210938,75.77999877929688,103.04000091552734
734,DE,2017,159.10000610351562,103.44999694824219,103.68000030517578,156.50999450683594
735,DE,2018,175.25999450683594,128.32000732421875,156.6699981689453,149.1699981689453
736,DE,2019,180.47999572753906,132.67999267578125,146.22999572753906,173.25999450683594
737,DE,2020,273.55999755859375,106.13999938964844,174.24000549316406,269.04998779296875
738,DE,2021,400.3399963378906,263.8500061035156,271.80999755859375,342.8900146484375
739,DE,2022,448.3999938964844,283.80999755859375,344.0,428.760009765625
740,BKNG,2013,1198.75,627.6699829101562,637.8300170898438,1162.4000244140625
741,BKNG,2014,1378.9599609375,1017.280029296875,1159.969970703125,1140.2099609375
742,BKNG,2015,1476.52001953125,990.6900024414062,1144.0,1274.949951171875
743,BKNG,2016,1600.9300537109375,954.02001953125,1256.0,1466.06005859375
744,BKNG,2017,2067.989990234375,1459.489990234375,1476.9100341796875,1737.739990234375
745,BKNG,2018,2228.989990234375,1606.27001953125,1750.0899658203125,1722.4200439453125
746,BKNG,2019,2082.669921875,1637.02001953125,1691.25,2053.72998046875
747,BKNG,2020,2227.969970703125,1107.2900390625,2068.39990234375,2227.27001953125
748,BKNG,2021,2687.2900390625,1860.72998046875,2250.0,2399.22998046875
749,BKNG,2022,2715.659912109375,1616.8499755859375,2423.0,2015.280029296875
750,SYK,2013,75.55000305175781,55.2400016784668,55.540000915527344,75.13999938964844
751,SYK,2014,98.23999786376953,74.0199966430664,75.12000274658203,94.33000183105469
752,SYK,2015,105.33999633789062,89.80999755859375,94.69999694824219,92.94000244140625
753,SYK,2016,123.55000305175781,86.68000030517578,91.47000122070312,119.80999755859375
754,SYK,2017,160.6199951171875,116.5,119.80999755859375,154.83999633789062
755,SYK,2018,179.83999633789062,144.75,156.64999389648438,156.75
756,SYK,2019,223.4499969482422,151.6300048828125,155.8699951171875,209.94000244140625
757,SYK,2020,245.33999633789062,124.54000091552734,210.94000244140625,245.0399932861328
758,SYK,2021,281.1600036621094,220.89999389648438,245.33999633789062,267.4200134277344
759,SYK,2022,280.42999267578125,188.83999633789062,267.4100036621094,244.49000549316406
760,BLK,2013,323.0,208.77000427246094,210.6199951171875,316.4700012207031
761,BLK,2014,368.6400146484375,284.7799987792969,315.3800048828125,357.55999755859375
762,BLK,2015,382.8399963378906,275.0,357.9800109863281,340.5199890136719
763,BLK,2016,399.4599914550781,280.54998779296875,333.0400085449219,380.5400085449219
764,BLK,2017,520.739990234375,365.8299865722656,384.6199951171875,513.7100219726562
765,BLK,2018,594.52001953125,360.7900085449219,518.780029296875,392.82000732421875
766,BLK,2019,506.80999755859375,377.2799987792969,386.2799987792969,502.70001220703125
767,BLK,2020,722.4199829101562,323.9800109863281,510.0,721.5399780273438
768,BLK,2021,973.1599731445312,670.280029296875,730.5999755859375,915.5599975585938
769,BLK,2022,927.47998046875,503.1199951171875,918.3400268554688,708.6300048828125
770,MDLZ,2013,35.43000030517578,25.780000686645508,25.84000015258789,35.29999923706055
771,MDLZ,2014,39.540000915527344,31.829999923706055,35.029998779296875,36.33000183105469
772,MDLZ,2015,48.58000183105469,33.970001220703125,36.43000030517578,44.84000015258789
773,MDLZ,2016,46.400001525878906,35.880001068115234,44.09000015258789,44.33000183105469
774,MDLZ,2017,47.22999954223633,39.189998626708984,44.709999084472656,42.79999923706055
775,MDLZ,2018,46.540000915527344,37.41999816894531,43.220001220703125,40.029998779296875
776,MDLZ,2019,56.720001220703125,39.459999084472656,39.70000076293945,55.08000183105469
777,MDLZ,2020,59.959999084472656,41.189998626708984,55.060001373291016,58.470001220703125
778,MDLZ,2021,66.54000091552734,52.90999984741211,58.4900016784668,66.30999755859375
779,MDLZ,2022,69.47000122070312,54.720001220703125,65.75,66.6500015258789
780,NOW,2013,58.40999984741211,25.540000915527344,30.75,56.0099983215332
781,NOW,2014,71.80000305175781,44.16999816894531,55.56999969482422,67.8499984741211
782,NOW,2015,91.27999877929688,62.54999923706055,67.80999755859375,86.55999755859375
783,NOW,2016,89.79000091552734,46.0,84.9800033569336,74.33999633789062
784,NOW,2017,131.25999450683594,74.62999725341797,75.30999755859375,130.38999938964844
785,NOW,2018,206.3000030517578,130.13999938964844,131.0,178.0500030517578
786,NOW,2019,303.1700134277344,168.47000122070312,174.1199951171875,282.32000732421875
787,NOW,2020,566.739990234375,238.92999267578125,284.9599914550781,550.4299926757812
788,NOW,2021,707.5999755859375,448.2699890136719,556.9400024414062,649.1099853515625
789,NOW,2022,651.4099731445312,337.0,648.1599731445312,388.2699890136719
790,AXP,2013,90.79000091552734,58.310001373291016,58.33000183105469,90.7300033569336
791,AXP,2014,96.23999786376953,78.41000366210938,90.9000015258789,93.04000091552734
792,AXP,2015,93.94000244140625,67.56999969482422,93.16999816894531,69.55000305175781
793,AXP,2016,75.73999786376953,50.27000045776367,68.08999633789062,74.08000183105469
794,AXP,2017,100.52999877929688,74.73999786376953,74.88999938964844,99.30999755859375
795,AXP,2018,114.55000305175781,87.54000091552734,99.7300033569336,95.31999969482422
796,AXP,2019,129.33999633789062,93.2300033569336,93.91000366210938,124.48999786376953
797,AXP,2020,138.1300048828125,67.0,124.66000366210938,120.91000366210938
798,AXP,2021,189.02999877929688,112.0999984741211,121.30000305175781,163.60000610351562
799,AXP,2022,199.5500030517578,130.64999389648438,164.50999450683594,147.75
800,AMAT,2013,18.18000030517578,11.390000343322754,11.640000343322754,17.68000030517578
801,AMAT,2014,25.709999084472656,16.399999618530273,17.690000534057617,24.920000076293945
802,AMAT,2015,25.639999389648438,14.25,24.989999771118164,18.670000076293945
803,AMAT,2016,33.68000030517578,15.4399995803833,18.309999465942383,32.27000045776367
804,AMAT,2017,60.88999938964844,31.65999984741211,32.36000061035156,51.119998931884766
805,AMAT,2018,62.400001525878906,28.790000915527344,51.68000030517578,32.7400016784668
806,AMAT,2019,63.06999969482422,31.479999542236328,32.040000915527344,61.040000915527344
807,AMAT,2020,90.61000061035156,36.63999938964844,62.0,86.30000305175781
808,AMAT,2021,163.02000427246094,86.1500015258789,87.23999786376953,157.36000061035156
809,AMAT,2022,167.05999755859375,71.12000274658203,157.74000549316406,97.37999725341797
810,C,2013,53.68000030517578,40.279998779296875,40.90999984741211,52.11000061035156
811,C,2014,56.95000076293945,45.18000030517578,52.029998779296875,54.11000061035156
812,C,2015,60.95000076293945,46.599998474121094,54.36000061035156,51.75
813,C,2016,61.29999923706055,34.52000045776367,50.75,59.43000030517578
814,C,2017,77.91999816894531,55.22999954223633,60.68000030517578,74.41000366210938
815,C,2018,80.69999694824219,48.41999816894531,75.08999633789062,52.060001373291016
816,C,2019,80.41999816894531,50.66999816894531,50.68000030517578,79.88999938964844
817,C,2020,83.11000061035156,32.0,80.12999725341797,61.65999984741211
818,C,2021,80.29000091552734,57.400001525878906,61.59000015258789,60.38999938964844
819,C,2022,69.11000061035156,40.0099983215332,61.18000030517578,45.22999954223633
820,AMT,2013,85.26000213623047,67.88999938964844,78.38999938964844,79.81999969482422
821,AMT,2014,106.30999755859375,78.37999725341797,79.51000213623047,98.8499984741211
822,AMT,2015,104.12000274658203,86.83000183105469,99.16000366210938,96.94999694824219
823,AMT,2016,118.26000213623047,83.06999969482422,96.29000091552734,105.68000030517578
824,AMT,2017,155.27999877929688,102.51000213623047,106.7300033569336,142.6699981689453
825,AMT,2018,168.5800018310547,130.3699951171875,143.16000366210938,158.19000244140625
826,AMT,2019,242.0,153.92999267578125,157.11000061035156,229.82000732421875
827,AMT,2020,272.20001220703125,174.32000732421875,229.67999267578125,224.4600067138672
828,AMT,2021,303.7200012207031,197.5,226.07000732421875,292.5
829,AMT,2022,292.54998779296875,178.1699981689453,292.3699951171875,211.86000061035156
830,ADI,2013,51.20000076293945,41.709999084472656,42.79999923706055,50.93000030517578
831,ADI,2014,57.9900016784668,42.56999969482422,49.52000045776367,55.52000045776367
832,ADI,2015,68.97000122070312,50.560001373291016,55.68000030517578,55.31999969482422
833,ADI,2016,74.87000274658203,47.2400016784668,54.2400016784668,72.62000274658203
834,ADI,2017,93.98999786376953,71.0,72.5999984741211,89.02999877929688
835,ADI,2018,103.58999633789062,76.62000274658203,89.23999786376953,85.83000183105469
836,ADI,2019,124.79000091552734,80.45999908447266,84.02999877929688,118.83999633789062
837,ADI,2020,147.8300018310547,79.08000183105469,120.11000061035156,147.72999572753906
838,ADI,2021,191.9499969482422,142.25,148.4499969482422,175.77000427246094
839,ADI,2022,180.00999450683594,133.47999572753906,175.1699981689453,164.02999877929688
840,CVS,2013,71.98999786376953,49.0,49.02000045776367,71.56999969482422
841,CVS,2014,98.62000274658203,64.94999694824219,71.16000366210938,96.30999755859375
842,CVS,2015,113.6500015258789,81.37000274658203,96.5199966430664,97.7699966430664
843,CVS,2016,106.66999816894531,69.30000305175781,96.16999816894531,78.91000366210938
844,CVS,2017,84.72000122070312,66.44999694824219,79.58000183105469,72.5
845,CVS,2018,83.87999725341797,60.13999938964844,73.05999755859375,65.5199966430664
846,CVS,2019,77.02999877929688,51.720001220703125,64.86000061035156,74.29000091552734
847,CVS,2020,76.44000244140625,52.040000915527344,74.6500015258789,68.30000305175781
848,CVS,2021,104.55999755859375,68.0199966430664,68.68000030517578,103.16000366210938
849,CVS,2022,111.25,86.27999877929688,102.80999755859375,93.19000244140625
850,TJX,2013,32.04499816894531,21.18000030517578,21.450000762939453,31.864999771118164
851,TJX,2014,34.91999816894531,25.954999923706055,31.68000030517578,34.290000915527344
852,TJX,2015,38.46500015258789,31.764999389648438,34.32500076293945,35.45500183105469
853,TJX,2016,41.81999969482422,32.81999969482422,34.94499969482422,37.564998626708984
854,TJX,2017,40.459999084472656,33.220001220703125,37.779998779296875,38.22999954223633
855,TJX,2018,56.63999938964844,36.40999984741211,38.43000030517578,44.7400016784668
856,TJX,2019,61.689998626708984,43.79999923706055,44.22999954223633,61.060001373291016
857,TJX,2020,68.88999938964844,32.720001220703125,61.33000183105469,68.29000091552734
858,TJX,2021,76.94000244140625,61.150001525878906,68.30000305175781,75.91999816894531
859,TJX,2022,81.16999816894531,53.689998626708984,75.83000183105469,79.5999984741211
860,ADP,2013,73.59086608886719,50.702369689941406,50.97454071044922,70.93942260742188
861,ADP,2014,86.54000091552734,63.13432693481445,70.38630676269531,83.37000274658203
862,ADP,2015,90.66999816894531,64.29000091552734,82.9800033569336,84.72000122070312
863,ADP,2016,103.87999725341797,76.6500015258789,82.93000030517578,102.77999877929688
864,ADP,2017,121.7699966430664,94.11000061035156,102.37999725341797,117.19000244140625
865,ADP,2018,153.50999450683594,107.61000061035156,116.02999877929688,131.1199951171875
866,ADP,2019,174.5,126.05999755859375,129.16000366210938,170.5
867,ADP,2020,182.32000732421875,103.11000061035156,171.9600067138672,176.1999969482422
868,ADP,2021,248.9600067138672,159.30999755859375,175.97000122070312,246.5800018310547
869,ADP,2022,274.9200134277344,192.25999450683594,245.05999755859375,238.86000061035156
870,MMC,2013,48.560001373291016,34.43000030517578,35.0099983215332,48.36000061035156
871,MMC,2014,58.7400016784668,44.25,48.0099983215332,57.2400016784668
872,MMC,2015,59.9900016784668,50.900001525878906,57.529998779296875,55.45000076293945
873,MMC,2016,69.7699966430664,50.810001373291016,54.47999954223633,67.58999633789062
874,MMC,2017,86.54000091552734,66.75,67.8499984741211,81.38999938964844
875,MMC,2018,89.58999633789062,74.30000305175781,81.83999633789062,79.75
876,MMC,2019,113.94000244140625,77.8499984741211,78.73999786376953,111.41000366210938
877,MMC,2020,120.97000122070312,74.33000183105469,111.58999633789062,117.0
878,MMC,2021,175.1199951171875,106.94999694824219,116.43000030517578,173.82000732421875
879,MMC,2022,183.13999938964844,142.8000030517578,172.0399932861328,165.47999572753906
880,TMUS,2013,34.099998474121094,16.010000228881836,20.0,33.63999938964844
881,TMUS,2014,35.5,24.260000228881836,33.029998779296875,26.940000534057617
882,TMUS,2015,43.43000030517578,26.459999084472656,27.100000381469727,39.119998931884766
883,TMUS,2016,59.189998626708984,33.22999954223633,38.86000061035156,57.5099983215332
884,TMUS,2017,68.87999725341797,54.599998474121094,58.099998474121094,63.5099983215332
885,TMUS,2018,70.94000244140625,55.09000015258789,63.900001525878906,63.61000061035156
886,TMUS,2019,85.22000122070312,62.54999923706055,62.869998931884766,78.41999816894531
887,TMUS,2020,135.0,63.5,78.87999725341797,134.85000610351562
888,TMUS,2021,150.1999969482422,106.69999694824219,134.3000030517578,115.9800033569336
889,TMUS,2022,154.3800048828125,101.51000213623047,115.76000213623047,140.0
890,REGN,2013,319.8299865722656,154.16000366210938,176.4199981689453,275.239990234375
891,REGN,2014,437.6400146484375,262.9700012207031,275.7699890136719,410.25
892,REGN,2015,605.9299926757812,393.0,413.8999938964844,542.8699951171875
893,REGN,2016,532.9099731445312,325.3500061035156,531.760009765625,367.0899963378906
894,REGN,2017,543.5499877929688,340.0899963378906,370.8399963378906,375.9599914550781
895,REGN,2018,416.489990234375,281.8900146484375,379.4800109863281,373.5
896,REGN,2019,442.0,271.3699951171875,368.1499938964844,375.4800109863281
897,REGN,2020,664.6400146484375,328.1300048828125,378.0,483.1099853515625
898,REGN,2021,686.6199951171875,441.0,486.8500061035156,631.52001953125
899,REGN,2022,779.0,538.010009765625,625.0,721.489990234375
900,VRTX,2013,89.95999908447266,42.720001220703125,42.869998931884766,74.30000305175781
901,VRTX,2014,124.3499984741211,59.790000915527344,74.06999969482422,118.80000305175781
902,VRTX,2015,143.4499969482422,97.44999694824219,119.97000122070312,125.83000183105469
903,VRTX,2016,124.95999908447266,71.45999908447266,123.02999877929688,73.66999816894531
904,VRTX,2017,167.86000061035156,73.33999633789062,74.43000030517578,149.86000061035156
905,VRTX,2018,194.9199981689453,144.07000732421875,150.0,165.7100067138672
906,VRTX,2019,225.66000366210938,160.9499969482422,161.2100067138672,218.9499969482422
907,VRTX,2020,306.0799865722656,197.47000122070312,220.24000549316406,236.33999633789062
908,VRTX,2021,242.99000549316406,176.36000061035156,237.91000366210938,219.60000610351562
909,VRTX,2022,324.75,214.66000366210938,218.3800048828125,288.7799987792969
910,PYPL,2015,42.54999923706055,30.0,38.0,36.20000076293945
911,PYPL,2016,44.52000045776367,30.520000457763672,35.130001068115234,39.470001220703125
912,PYPL,2017,79.38500213623047,39.02000045776367,40.290000915527344,73.62000274658203
913,PYPL,2018,93.69999694824219,70.22000122070312,74.23500061035156,84.08999633789062
914,PYPL,2019,121.4800033569336,81.91000366210938,82.37999725341797,108.16999816894531
915,PYPL,2020,244.25,82.06999969482422,109.47000122070312,234.1999969482422
916,PYPL,2021,310.1600036621094,179.14999389648438,237.8000030517578,188.5800018310547
917,PYPL,2022,196.10000610351562,66.38500213623047,191.41000366210938,71.22000122070312
918,MO,2013,38.58000183105469,31.850000381469727,32.119998931884766,38.38999938964844
919,MO,2014,51.66999816894531,33.79999923706055,38.27000045776367,49.27000045776367
920,MO,2015,61.7400016784668,47.310001373291016,49.29999923706055,58.209999084472656
921,MO,2016,70.1500015258789,56.150001525878906,57.540000915527344,67.62000274658203
922,MO,2017,77.79000091552734,60.0099983215332,67.73999786376953,71.41000366210938
923,MO,2018,71.86000061035156,46.4900016784668,71.51000213623047,49.38999938964844
924,MO,2019,57.880001068115234,39.29999923706055,48.90999984741211,49.90999984741211
925,MO,2020,51.779998779296875,30.950000762939453,50.189998626708984,41.0
926,MO,2021,52.59000015258789,40.0,41.08000183105469,47.38999938964844
927,MO,2022,57.04999923706055,40.349998474121094,47.369998931884766,45.709999084472656
928,CB,2013,104.06999969482422,79.79000091552734,81.19999694824219,103.52999877929688
929,CB,2014,117.88999938964844,92.0,102.77999877929688,114.87999725341797
930,CB,2015,119.86000061035156,96.0,115.37999725341797,116.8499984741211
931,CB,2016,133.88999938964844,106.81999969482422,115.0199966430664,132.1199951171875
932,CB,2017,156.0,127.1500015258789,132.74000549316406,146.1300048828125
933,CB,2018,157.5,119.54000091552734,146.4199981689453,129.17999267578125
934,CB,2019,162.44000244140625,124.44999694824219,127.6500015258789,155.66000366210938
935,CB,2020,167.74000549316406,87.3499984741211,155.85000610351562,153.9199981689453
936,CB,2021,197.9199981689453,144.0,152.44000244140625,193.30999755859375
937,CB,2022,223.0500030517578,173.77999877929688,193.49000549316406,220.60000610351562
938,ZTS,2013,35.41999816894531,28.809999465942383,31.5,32.689998626708984
939,ZTS,2014,45.2400016784668,28.139999389648438,32.529998779296875,43.029998779296875
940,ZTS,2015,55.380001068115234,37.72999954223633,43.459999084472656,47.91999816894531
941,ZTS,2016,54.150001525878906,38.2599983215332,46.939998626708984,53.529998779296875
942,ZTS,2017,73.58000183105469,52.0,53.880001068115234,72.04000091552734
943,ZTS,2018,96.56999969482422,70.19999694824219,72.54000091552734,85.54000091552734
944,ZTS,2019,133.66000366210938,81.37000274658203,84.51000213623047,132.35000610351562
945,ZTS,2020,176.63999938964844,90.13999938964844,132.0500030517578,165.5
946,ZTS,2021,249.27000427246094,141.41000366210938,166.0,244.02999877929688
947,ZTS,2022,243.24000549316406,124.1500015258789,242.2899932861328,146.5500030517578
948,SCHW,2013,26.079999923706055,14.619999885559082,14.670000076293945,26.0
949,SCHW,2014,31.0,23.350000381469727,25.989999771118164,30.190000534057617
950,SCHW,2015,35.720001220703125,25.43000030517578,30.40999984741211,32.93000030517578
951,SCHW,2016,40.58000183105469,21.510000228881836,31.950000762939453,39.470001220703125
952,SCHW,2017,52.52000045776367,37.15999984741211,40.04999923706055,51.369998931884766
953,SCHW,2018,60.220001220703125,37.83000183105469,51.54999923706055,41.529998779296875
954,SCHW,2019,51.650001525878906,34.58000183105469,40.70000076293945,47.560001373291016
955,SCHW,2020,53.33000183105469,28.0,47.7599983215332,53.040000915527344
956,SCHW,2021,86.43000030517578,50.77000045776367,53.220001220703125,84.0999984741211
957,SCHW,2022,96.23999786376953,59.349998474121094,84.56999969482422,83.26000213623047
958,SO,2013,48.7400016784668,40.029998779296875,43.34000015258789,41.11000061035156
959,SO,2014,51.279998779296875,40.27000045776367,41.130001068115234,49.11000061035156
960,SO,2015,53.15999984741211,41.400001525878906,49.189998626708984,46.790000915527344
961,SO,2016,54.63999938964844,46.0,46.41999816894531,49.189998626708984
962,SO,2017,53.5099983215332,46.709999084472656,49.150001525878906,48.09000015258789
963,SO,2018,49.43000030517578,42.380001068115234,48.0099983215332,43.91999816894531
964,SO,2019,64.26000213623047,43.2599983215332,43.88999938964844,63.70000076293945
965,SO,2020,71.0999984741211,41.959999084472656,63.650001525878906,61.43000030517578
966,SO,2021,68.87999725341797,56.689998626708984,61.380001068115234,68.58000183105469
967,SO,2022,80.56999969482422,60.709999084472656,68.5,71.41000366210938
968,PGR,2013,28.540000915527344,21.360000610351562,21.450000762939453,27.270000457763672
969,PGR,2014,27.520000457763672,22.530000686645508,27.290000915527344,26.989999771118164
970,PGR,2015,33.95000076293945,25.229999542236328,27.09000015258789,31.799999237060547
971,PGR,2016,35.95000076293945,29.31999969482422,31.399999618530273,35.5
972,PGR,2017,57.18000030517578,35.22999954223633,35.7400016784668,56.31999969482422
973,PGR,2018,73.69000244140625,50.790000915527344,56.459999084472656,60.33000183105469
974,PGR,2019,84.95999908447266,58.099998474121094,59.279998779296875,72.38999938964844
975,PGR,2020,102.05000305175781,62.18000030517578,73.91999816894531,98.87999725341797
976,PGR,2021,107.58999633789062,84.88999938964844,97.58000183105469,102.6500015258789
977,PGR,2022,134.5,100.80999755859375,102.5,129.7100067138672
978,CI,2013,88.56999969482422,53.90999984741211,54.099998474121094,87.4800033569336
979,CI,2014,105.7300033569336,73.47000122070312,86.98999786376953,102.91000366210938
980,CI,2015,170.67999267578125,100.66999816894531,103.63999938964844,146.3300018310547
981,CI,2016,148.99000549316406,115.02999877929688,144.7100067138672,133.38999938964844
982,CI,2017,212.4600067138672,133.52000427246094,133.91000366210938,203.08999633789062
983,CI,2018,227.1300048828125,163.02000427246094,204.13999938964844,189.9199981689453
984,CI,2019,207.27999877929688,141.9499969482422,187.69000244140625,204.49000549316406
985,CI,2020,224.9600067138672,118.5,205.38999938964844,208.17999267578125
986,CI,2021,272.80999755859375,190.8800048828125,209.13999938964844,229.6300048828125
987,CI,2022,340.1099853515625,213.16000366210938,229.49000549316406,331.3399963378906
